,Tweets,id,date,likes,retweets,place
0,Face ID&gt;&gt;&gt;&gt;&gt; Touch ID until Covid-19  ,1363094726493286403,2021-02-20 11:54:42,0,0,"Place(_api=<tweepy.api.API object at 0x7ff0bd25bcd0>, id='001907e868d06e24', url='https://api.twitter.com/1.1/geo/id/001907e868d06e24.json', place_type='admin', name='Dubai', full_name='Dubai, United Arab Emirates', country_code='AE', country='United Arab Emirates', contained_within=[], bounding_box=BoundingBox(_api=<tweepy.api.API object at 0x7ff0bd25bcd0>, type='Polygon', coordinates=[[[54.8939725, 24.6182526], [56.2083722, 24.6182526], [56.2083722, 25.3686719], [54.8939725, 25.3686719]]]), attributes={})"
1,Post covid ,1363078689731272709,2021-02-20 10:50:59,0,0,"Place(_api=<tweepy.api.API object at 0x7ff0bd25bcd0>, id='001907e868d06e24', url='https://api.twitter.com/1.1/geo/id/001907e868d06e24.json', place_type='admin', name='Dubai', full_name='Dubai, United Arab Emirates', country_code='AE', country='United Arab Emirates', contained_within=[], bounding_box=BoundingBox(_api=<tweepy.api.API object at 0x7ff0bd25bcd0>, type='Polygon', coordinates=[[[54.8939725, 24.6182526], [56.2083722, 24.6182526], [56.2083722, 25.3686719], [54.8939725, 25.3686719]]]), attributes={})"
2,Russia becomes the first country to produce 3 different Covid-19 Vaccine.,1363077805643337729,2021-02-20 10:47:28,0,0,"Place(_api=<tweepy.api.API object at 0x7ff0bd25bcd0>, id='00ecb59b0dad186e', url='https://api.twitter.com/1.1/geo/id/00ecb59b0dad186e.json', place_type='admin', name='Sharjah', full_name='Sharjah, United Arab Emirates', country_code='AE', country='United Arab Emirates', contained_within=[], bounding_box=BoundingBox(_api=<tweepy.api.API object at 0x7ff0bd25bcd0>, type='Polygon', coordinates=[[[55.0091271, 24.7328863], [56.3816989, 24.7328863], [56.3816989, 25.8997649], [55.0091271, 25.8997649]]]), attributes={})"
3,Tested and covid negative ,1363062214043848706,2021-02-20 09:45:30,0,0,"Place(_api=<tweepy.api.API object at 0x7ff0bd25bcd0>, id='00f24ae701a1207b', url='https://api.twitter.com/1.1/geo/id/00f24ae701a1207b.json', place_type='admin', name='Abu Dhabi', full_name='Abu Dhabi, United Arab Emirates', country_code='AE', country='United Arab Emirates', contained_within=[], bounding_box=BoundingBox(_api=<tweepy.api.API object at 0x7ff0bd25bcd0>, type='Polygon', coordinates=[[[51.2938738, 22.6261387], [56.0175464, 22.6261387], [56.0175464, 25.1639588], [51.2938738, 25.1639588]]]), attributes={})"
4,Available in Dubai regular check up for COVID 19 . Preboking deposit requires 50% deposit WhatsApp +447732409937 me for details ,1363027262686248962,2021-02-20 07:26:37,8,3,"Place(_api=<tweepy.api.API object at 0x7ff0bd25bcd0>, id='001907e868d06e24', url='https://api.twitter.com/1.1/geo/id/001907e868d06e24.json', place_type='admin', name='Dubai', full_name='Dubai, United Arab Emirates', country_code='AE', country='United Arab Emirates', contained_within=[], bounding_box=BoundingBox(_api=<tweepy.api.API object at 0x7ff0bd25bcd0>, type='Polygon', coordinates=[[[54.8939725, 24.6182526], [56.2083722, 24.6182526], [56.2083722, 25.3686719], [54.8939725, 25.3686719]]]), attributes={})"
5,I started Breaking Bad only a few months ago. COVID is the ultimate catch up telly influencer.,1363013829521768451,2021-02-20 06:33:15,0,0,"Place(_api=<tweepy.api.API object at 0x7ff0bd25bcd0>, id='001907e868d06e24', url='https://api.twitter.com/1.1/geo/id/001907e868d06e24.json', place_type='admin', name='Dubai', full_name='Dubai, United Arab Emirates', country_code='AE', country='United Arab Emirates', contained_within=[], bounding_box=BoundingBox(_api=<tweepy.api.API object at 0x7ff0bd25bcd0>, type='Polygon', coordinates=[[[54.8939725, 24.6182526], [56.2083722, 24.6182526], [56.2083722, 25.3686719], [54.8939725, 25.3686719]]]), attributes={})"
6,Why nobody in authority in SL is telling Covid is primarily an airborne disease. Then people can take necessary precautions by avoiding crowded non ventilated indoor spaces. At present more emphasis is on disinfection of spaces.,1362998861472612352,2021-02-20 05:33:46,0,0,"Place(_api=<tweepy.api.API object at 0x7ff0bd25bcd0>, id='001907e868d06e24', url='https://api.twitter.com/1.1/geo/id/001907e868d06e24.json', place_type='admin', name='Dubai', full_name='Dubai, United Arab Emirates', country_code='AE', country='United Arab Emirates', contained_within=[], bounding_box=BoundingBox(_api=<tweepy.api.API object at 0x7ff0bd25bcd0>, type='Polygon', coordinates=[[[54.8939725, 24.6182526], [56.2083722, 24.6182526], [56.2083722, 25.3686719], [54.8939725, 25.3686719]]]), attributes={})"
7,"When it gets to this point, it is finished Nothing more to be said.. Memories fading  covid nah bastard sha ",1362992236233977861,2021-02-20 05:07:26,1,1,"Place(_api=<tweepy.api.API object at 0x7ff0bd25bcd0>, id='001907e868d06e24', url='https://api.twitter.com/1.1/geo/id/001907e868d06e24.json', place_type='admin', name='Dubai', full_name='Dubai, United Arab Emirates', country_code='AE', country='United Arab Emirates', contained_within=[], bounding_box=BoundingBox(_api=<tweepy.api.API object at 0x7ff0bd25bcd0>, type='Polygon', coordinates=[[[54.8939725, 24.6182526], [56.2083722, 24.6182526], [56.2083722, 25.3686719], [54.8939725, 25.3686719]]]), attributes={})"
8,"As per Firdous Aashiq Awan: ""Yeh nai k hum opr se protect krte rahein aur woh Corona neeche se ly aaye"" So mine question on this is that ""We've to sanitize our sexual parts as well""",1362878571883225090,2021-02-19 21:35:47,2,0,"Place(_api=<tweepy.api.API object at 0x7ff0bd25bcd0>, id='001907e868d06e24', url='https://api.twitter.com/1.1/geo/id/001907e868d06e24.json', place_type='admin', name='Dubai', full_name='Dubai, United Arab Emirates', country_code='AE', country='United Arab Emirates', contained_within=[], bounding_box=BoundingBox(_api=<tweepy.api.API object at 0x7ff0bd25bcd0>, type='Polygon', coordinates=[[[54.8939725, 24.6182526], [56.2083722, 24.6182526], [56.2083722, 25.3686719], [54.8939725, 25.3686719]]]), attributes={})"
9,"The fact that I was willing to put my health at risk when I had COVID rather than call the damn ambulance because a mf didn’t want to pay 1k+, all because that’s how shit is back in  &amp; yes, the ambulance was free along with the check up and prescription.",1362843031557333001,2021-02-19 19:14:33,0,0,"Place(_api=<tweepy.api.API object at 0x7ff0bd25bcd0>, id='001907e868d06e24', url='https://api.twitter.com/1.1/geo/id/001907e868d06e24.json', place_type='admin', name='Dubai', full_name='Dubai, United Arab Emirates', country_code='AE', country='United Arab Emirates', contained_within=[], bounding_box=BoundingBox(_api=<tweepy.api.API object at 0x7ff0bd25bcd0>, type='Polygon', coordinates=[[[54.8939725, 24.6182526], [56.2083722, 24.6182526], [56.2083722, 25.3686719], [54.8939725, 25.3686719]]]), attributes={})"
10,The African Union confirms that Russia has offered Africa 300 million doses of the Russian ‘Sputnik V’ Vaccines to combat Covid-19 on the continent.,1362832341136195593,2021-02-19 18:32:04,1,0,"Place(_api=<tweepy.api.API object at 0x7ff0bd25bcd0>, id='00ecb59b0dad186e', url='https://api.twitter.com/1.1/geo/id/00ecb59b0dad186e.json', place_type='admin', name='Sharjah', full_name='Sharjah, United Arab Emirates', country_code='AE', country='United Arab Emirates', contained_within=[], bounding_box=BoundingBox(_api=<tweepy.api.API object at 0x7ff0bd25bcd0>, type='Polygon', coordinates=[[[55.0091271, 24.7328863], [56.3816989, 24.7328863], [56.3816989, 25.8997649], [55.0091271, 25.8997649]]]), attributes={})"
11,"Hahaha yes. Pero since they are top 2 with Covid cases in the world, I got denied. ",1362821660605358085,2021-02-19 17:49:38,0,0,"Place(_api=<tweepy.api.API object at 0x7ff0bd25bcd0>, id='00ecb59b0dad186e', url='https://api.twitter.com/1.1/geo/id/00ecb59b0dad186e.json', place_type='admin', name='Sharjah', full_name='Sharjah, United Arab Emirates', country_code='AE', country='United Arab Emirates', contained_within=[], bounding_box=BoundingBox(_api=<tweepy.api.API object at 0x7ff0bd25bcd0>, type='Polygon', coordinates=[[[55.0091271, 24.7328863], [56.3816989, 24.7328863], [56.3816989, 25.8997649], [55.0091271, 25.8997649]]]), attributes={})"
12,But I’m hooked on poppin em. Since Covid my skin is so ugly now ,1362814711310475264,2021-02-19 17:22:01,0,0,"Place(_api=<tweepy.api.API object at 0x7ff0bd25bcd0>, id='001907e868d06e24', url='https://api.twitter.com/1.1/geo/id/001907e868d06e24.json', place_type='admin', name='Dubai', full_name='Dubai, United Arab Emirates', country_code='AE', country='United Arab Emirates', contained_within=[], bounding_box=BoundingBox(_api=<tweepy.api.API object at 0x7ff0bd25bcd0>, type='Polygon', coordinates=[[[54.8939725, 24.6182526], [56.2083722, 24.6182526], [56.2083722, 25.3686719], [54.8939725, 25.3686719]]]), attributes={})"
13,The sad thing is those who break the rules are educated and elites. Covid is primarily an airborne disease and we should keep away from indoor gatherings crowded spaces. Surface transmission is rare. ,1362778633488728066,2021-02-19 14:58:40,0,0,"Place(_api=<tweepy.api.API object at 0x7ff0bd25bcd0>, id='001907e868d06e24', url='https://api.twitter.com/1.1/geo/id/001907e868d06e24.json', place_type='admin', name='Dubai', full_name='Dubai, United Arab Emirates', country_code='AE', country='United Arab Emirates', contained_within=[], bounding_box=BoundingBox(_api=<tweepy.api.API object at 0x7ff0bd25bcd0>, type='Polygon', coordinates=[[[54.8939725, 24.6182526], [56.2083722, 24.6182526], [56.2083722, 25.3686719], [54.8939725, 25.3686719]]]), attributes={})"
14,"Evidence suggests Covid is primarily an airborne disease. We are one year into this and WHO, CDC etc not making a clear statement on this. If so more resources could be allocated in cleaning the air than cleaning the surface. ",1362776813873876992,2021-02-19 14:51:26,0,0,"Place(_api=<tweepy.api.API object at 0x7ff0bd25bcd0>, id='001907e868d06e24', url='https://api.twitter.com/1.1/geo/id/001907e868d06e24.json', place_type='admin', name='Dubai', full_name='Dubai, United Arab Emirates', country_code='AE', country='United Arab Emirates', contained_within=[], bounding_box=BoundingBox(_api=<tweepy.api.API object at 0x7ff0bd25bcd0>, type='Polygon', coordinates=[[[54.8939725, 24.6182526], [56.2083722, 24.6182526], [56.2083722, 25.3686719], [54.8939725, 25.3686719]]]), attributes={})"
15,Tanzania’s Covid-19 denying president ; John Magufuli is calling on citizens for 3 days of prayer to defeat unnamed “respiratory diseases” as country is seeing deadly resurgence in infections. Magufuli has repeatedly claimed Tanzania defeated COVID-19 with God’s help.,1362752632109096961,2021-02-19 13:15:20,1,0,"Place(_api=<tweepy.api.API object at 0x7ff0bd25bcd0>, id='00ecb59b0dad186e', url='https://api.twitter.com/1.1/geo/id/00ecb59b0dad186e.json', place_type='admin', name='Sharjah', full_name='Sharjah, United Arab Emirates', country_code='AE', country='United Arab Emirates', contained_within=[], bounding_box=BoundingBox(_api=<tweepy.api.API object at 0x7ff0bd25bcd0>, type='Polygon', coordinates=[[[55.0091271, 24.7328863], [56.3816989, 24.7328863], [56.3816989, 25.8997649], [55.0091271, 25.8997649]]]), attributes={})"
16,"Africa has surpassed 100,000 confirmed deaths from Covid-19 according to Africa Centers for Disease Control The 54-nation continent of 1.3 billion people has barely seen the arrival of large-scale supplies of Covid-19 vaccines.",1362741535813566465,2021-02-19 12:31:15,0,0,"Place(_api=<tweepy.api.API object at 0x7ff0bd25bcd0>, id='00ecb59b0dad186e', url='https://api.twitter.com/1.1/geo/id/00ecb59b0dad186e.json', place_type='admin', name='Sharjah', full_name='Sharjah, United Arab Emirates', country_code='AE', country='United Arab Emirates', contained_within=[], bounding_box=BoundingBox(_api=<tweepy.api.API object at 0x7ff0bd25bcd0>, type='Polygon', coordinates=[[[55.0091271, 24.7328863], [56.3816989, 24.7328863], [56.3816989, 25.8997649], [55.0091271, 25.8997649]]]), attributes={})"
17,My grandmother died during a resurgence of COVID in the UK (but Alzheimer’s claimed her). It’s a surreal business watching your last grandparent be shuffled into the crematorium via Zoom. Even grief isn’t free of COVID. ,1362727487428517893,2021-02-19 11:35:25,0,0,"Place(_api=<tweepy.api.API object at 0x7ff0bd25bcd0>, id='001907e868d06e24', url='https://api.twitter.com/1.1/geo/id/001907e868d06e24.json', place_type='admin', name='Dubai', full_name='Dubai, United Arab Emirates', country_code='AE', country='United Arab Emirates', contained_within=[], bounding_box=BoundingBox(_api=<tweepy.api.API object at 0x7ff0bd25bcd0>, type='Polygon', coordinates=[[[54.8939725, 24.6182526], [56.2083722, 24.6182526], [56.2083722, 25.3686719], [54.8939725, 25.3686719]]]), attributes={})"
18,I wish The Coronavirus will Go away and never comeback forever I'm gonna pack my Items of Camera and Video to travel the Warminster in the UK to visit Longleat Zoo to take a picture and record the Video to the Wild Animals with all kind of Weather.,1362725467472752642,2021-02-19 11:27:24,0,0,"Place(_api=<tweepy.api.API object at 0x7ff0bd25bcd0>, id='00f24ae701a1207b', url='https://api.twitter.com/1.1/geo/id/00f24ae701a1207b.json', place_type='admin', name='Abu Dhabi', full_name='Abu Dhabi, United Arab Emirates', country_code='AE', country='United Arab Emirates', contained_within=[], bounding_box=BoundingBox(_api=<tweepy.api.API object at 0x7ff0bd25bcd0>, type='Polygon', coordinates=[[[51.2938738, 22.6261387], [56.0175464, 22.6261387], [56.0175464, 25.1639588], [51.2938738, 25.1639588]]]), attributes={})"
19,"Hey I got my 2 Covid shots but still no instructions or mind control, what’s going on",1362723448087326720,2021-02-19 11:19:22,0,0,"Place(_api=<tweepy.api.API object at 0x7ff0bd25bcd0>, id='00ecb59b0dad186e', url='https://api.twitter.com/1.1/geo/id/00ecb59b0dad186e.json', place_type='admin', name='Sharjah', full_name='Sharjah, United Arab Emirates', country_code='AE', country='United Arab Emirates', contained_within=[], bounding_box=BoundingBox(_api=<tweepy.api.API object at 0x7ff0bd25bcd0>, type='Polygon', coordinates=[[[55.0091271, 24.7328863], [56.3816989, 24.7328863], [56.3816989, 25.8997649], [55.0091271, 25.8997649]]]), attributes={})"
20,"I wish the Coronavirus will Go away and never comeback to stay for ever so that Ola, Majd and I going to the Airport to reach the Warminster in UK to visit the Longleat Zoo to see the Tiger ",1362717559364198406,2021-02-19 10:55:58,0,0,"Place(_api=<tweepy.api.API object at 0x7ff0bd25bcd0>, id='00f24ae701a1207b', url='https://api.twitter.com/1.1/geo/id/00f24ae701a1207b.json', place_type='admin', name='Abu Dhabi', full_name='Abu Dhabi, United Arab Emirates', country_code='AE', country='United Arab Emirates', contained_within=[], bounding_box=BoundingBox(_api=<tweepy.api.API object at 0x7ff0bd25bcd0>, type='Polygon', coordinates=[[[51.2938738, 22.6261387], [56.0175464, 22.6261387], [56.0175464, 25.1639588], [51.2938738, 25.1639588]]]), attributes={})"
21,In 3 days I will have my second dose. Better to be safe than sorry  Covid-19 sucks,1362703549810028548,2021-02-19 10:00:18,2,0,"Place(_api=<tweepy.api.API object at 0x7ff0bd25bcd0>, id='001907e868d06e24', url='https://api.twitter.com/1.1/geo/id/001907e868d06e24.json', place_type='admin', name='Dubai', full_name='Dubai, United Arab Emirates', country_code='AE', country='United Arab Emirates', contained_within=[], bounding_box=BoundingBox(_api=<tweepy.api.API object at 0x7ff0bd25bcd0>, type='Polygon', coordinates=[[[54.8939725, 24.6182526], [56.2083722, 24.6182526], [56.2083722, 25.3686719], [54.8939725, 25.3686719]]]), attributes={})"
22,Had the same symptoms when I had corona.. nothing much to worry about as long as oxygen level and temperature is in control.. just keep monitoring and have vitamin C.. u will be good spo bro...,1362670048217886722,2021-02-19 07:47:11,0,0,"Place(_api=<tweepy.api.API object at 0x7ff0bd25bcd0>, id='001907e868d06e24', url='https://api.twitter.com/1.1/geo/id/001907e868d06e24.json', place_type='admin', name='Dubai', full_name='Dubai, United Arab Emirates', country_code='AE', country='United Arab Emirates', contained_within=[], bounding_box=BoundingBox(_api=<tweepy.api.API object at 0x7ff0bd25bcd0>, type='Polygon', coordinates=[[[54.8939725, 24.6182526], [56.2083722, 24.6182526], [56.2083722, 25.3686719], [54.8939725, 25.3686719]]]), attributes={})"
23,"Your COVID-19 test on 18/02/2021 at AJ Ganthoot, reported that your result is negative. Please stay safe and healthy.",1362490165202219009,2021-02-18 19:52:23,0,0,"Place(_api=<tweepy.api.API object at 0x7ff0bd25bcd0>, id='00f24ae701a1207b', url='https://api.twitter.com/1.1/geo/id/00f24ae701a1207b.json', place_type='admin', name='Abu Dhabi', full_name='Abu Dhabi, United Arab Emirates', country_code='AE', country='United Arab Emirates', contained_within=[], bounding_box=BoundingBox(_api=<tweepy.api.API object at 0x7ff0bd25bcd0>, type='Polygon', coordinates=[[[51.2938738, 22.6261387], [56.0175464, 22.6261387], [56.0175464, 25.1639588], [51.2938738, 25.1639588]]]), attributes={})"
24,Please advise me I am coming to Hyderabad on 25th feb from Dubai. I want to know is it institute qurantine or home qurantine. I will be carrying negerive pcr test and completed 2 dose of covid vaccine as well.,1362479712614907905,2021-02-18 19:10:51,0,0,"Place(_api=<tweepy.api.API object at 0x7ff0bd25bcd0>, id='001907e868d06e24', url='https://api.twitter.com/1.1/geo/id/001907e868d06e24.json', place_type='admin', name='Dubai', full_name='Dubai, United Arab Emirates', country_code='AE', country='United Arab Emirates', contained_within=[], bounding_box=BoundingBox(_api=<tweepy.api.API object at 0x7ff0bd25bcd0>, type='Polygon', coordinates=[[[54.8939725, 24.6182526], [56.2083722, 24.6182526], [56.2083722, 25.3686719], [54.8939725, 25.3686719]]]), attributes={})"
25,"About 3 weeks back my ex boss came to visit me in the office. He was healthy, happy and jovial. Today he was buried, died of covid. He spent 10 days in the ICU. Only afew of his relatives were allowed, none of us saw him again. This virus isn't a joke. Stay safe. Wear a mask.",1362477222527918082,2021-02-18 19:00:58,15,14,"Place(_api=<tweepy.api.API object at 0x7ff0bd25bcd0>, id='001907e868d06e24', url='https://api.twitter.com/1.1/geo/id/001907e868d06e24.json', place_type='admin', name='Dubai', full_name='Dubai, United Arab Emirates', country_code='AE', country='United Arab Emirates', contained_within=[], bounding_box=BoundingBox(_api=<tweepy.api.API object at 0x7ff0bd25bcd0>, type='Polygon', coordinates=[[[54.8939725, 24.6182526], [56.2083722, 24.6182526], [56.2083722, 25.3686719], [54.8939725, 25.3686719]]]), attributes={})"
26,can you please get wireless credit card machines The world has advanced so much .. ppl are paying by using their watches and phones .. i don’t really need to give the guy my phone to do the payments And don’t forget COVID. Please do this quick  ,1362452351672610823,2021-02-18 17:22:08,0,0,"Place(_api=<tweepy.api.API object at 0x7ff0bd25bcd0>, id='001907e868d06e24', url='https://api.twitter.com/1.1/geo/id/001907e868d06e24.json', place_type='admin', name='Dubai', full_name='Dubai, United Arab Emirates', country_code='AE', country='United Arab Emirates', contained_within=[], bounding_box=BoundingBox(_api=<tweepy.api.API object at 0x7ff0bd25bcd0>, type='Polygon', coordinates=[[[54.8939725, 24.6182526], [56.2083722, 24.6182526], [56.2083722, 25.3686719], [54.8939725, 25.3686719]]]), attributes={})"
27,We are proud to announce internship opportunities for Emirati students and graduates from Sorbonne University Abu Dhabi. Disclaimer: The footage used in this video was taken before the Covid-19 pandemic,1362450454488231937,2021-02-18 17:14:36,1,0,"Place(_api=<tweepy.api.API object at 0x7ff0bd25bcd0>, id='001907e868d06e24', url='https://api.twitter.com/1.1/geo/id/001907e868d06e24.json', place_type='admin', name='Dubai', full_name='Dubai, United Arab Emirates', country_code='AE', country='United Arab Emirates', contained_within=[], bounding_box=BoundingBox(_api=<tweepy.api.API object at 0x7ff0bd25bcd0>, type='Polygon', coordinates=[[[54.8939725, 24.6182526], [56.2083722, 24.6182526], [56.2083722, 25.3686719], [54.8939725, 25.3686719]]]), attributes={})"
28,"To all my friends out there. Hari ini gue terima kabar paling menyakitkan selama covid, temen satu kantor (termasuk deket sama doi), she need to gave birth to her baby girl in 7 months pregnancy, she been waiting for her for 6 years.",1362438397864931334,2021-02-18 16:26:41,0,0,"Place(_api=<tweepy.api.API object at 0x7ff0bd25bcd0>, id='00f24ae701a1207b', url='https://api.twitter.com/1.1/geo/id/00f24ae701a1207b.json', place_type='admin', name='Abu Dhabi', full_name='Abu Dhabi, United Arab Emirates', country_code='AE', country='United Arab Emirates', contained_within=[], bounding_box=BoundingBox(_api=<tweepy.api.API object at 0x7ff0bd25bcd0>, type='Polygon', coordinates=[[[51.2938738, 22.6261387], [56.0175464, 22.6261387], [56.0175464, 25.1639588], [51.2938738, 25.1639588]]]), attributes={})"
29,IM FED UP OF TAKING COVID TESTS. Is everyone getting Covid here,1362412336406028304,2021-02-18 14:43:08,9,0,"Place(_api=<tweepy.api.API object at 0x7ff0bd25bcd0>, id='001907e868d06e24', url='https://api.twitter.com/1.1/geo/id/001907e868d06e24.json', place_type='admin', name='Dubai', full_name='Dubai, United Arab Emirates', country_code='AE', country='United Arab Emirates', contained_within=[], bounding_box=BoundingBox(_api=<tweepy.api.API object at 0x7ff0bd25bcd0>, type='Polygon', coordinates=[[[54.8939725, 24.6182526], [56.2083722, 24.6182526], [56.2083722, 25.3686719], [54.8939725, 25.3686719]]]), attributes={})"
30,So You Mean In Tanzania There Is No Covid-19 Its Just Pneumonia Isn't ,1362397002844225539,2021-02-18 13:42:12,0,0,"Place(_api=<tweepy.api.API object at 0x7ff0bd25bcd0>, id='01a4aba930967a19', url='https://api.twitter.com/1.1/geo/id/01a4aba930967a19.json', place_type='admin', name='Ajman', full_name='Ajman, United Arab Emirates', country_code='AE', country='United Arab Emirates', contained_within=[], bounding_box=BoundingBox(_api=<tweepy.api.API object at 0x7ff0bd25bcd0>, type='Polygon', coordinates=[[[55.4228459, 24.7422387], [56.1015028, 24.7422387], [56.1015028, 25.4513274], [55.4228459, 25.4513274]]]), attributes={})"
31,This money will take 1600members out of poverty. He even praying for Covid not to end because of personal interest. Tell me the difference between this man and our greedy politicians in African. Be wise man of God are not God.,1362396009981222913,2021-02-18 13:38:15,0,0,"Place(_api=<tweepy.api.API object at 0x7ff0bd25bcd0>, id='01a4aba930967a19', url='https://api.twitter.com/1.1/geo/id/01a4aba930967a19.json', place_type='admin', name='Ajman', full_name='Ajman, United Arab Emirates', country_code='AE', country='United Arab Emirates', contained_within=[], bounding_box=BoundingBox(_api=<tweepy.api.API object at 0x7ff0bd25bcd0>, type='Polygon', coordinates=[[[55.4228459, 24.7422387], [56.1015028, 24.7422387], [56.1015028, 25.4513274], [55.4228459, 25.4513274]]]), attributes={})"
32,"Done our Part, have you done yours @ Dubai Design District ",1362356830358282244,2021-02-18 11:02:34,0,0,"Place(_api=<tweepy.api.API object at 0x7ff0bd25bcd0>, id='001907e868d06e24', url='https://api.twitter.com/1.1/geo/id/001907e868d06e24.json', place_type='admin', name='Dubai', full_name='Dubai, United Arab Emirates', country_code='AE', country='United Arab Emirates', contained_within=[], bounding_box=BoundingBox(_api=<tweepy.api.API object at 0x7ff0bd25bcd0>, type='Polygon', coordinates=[[[54.8939725, 24.6182526], [56.2083722, 24.6182526], [56.2083722, 25.3686719], [54.8939725, 25.3686719]]]), attributes={})"
33,"Well does it matter  Will make money  Will is raise profile of the sport in Japan  Will it give the team quality matches Need to be more flexible and understanding, these covid days, including the media",1362338574331437058,2021-02-18 09:50:01,1,1,"Place(_api=<tweepy.api.API object at 0x7ff0bd25bcd0>, id='001907e868d06e24', url='https://api.twitter.com/1.1/geo/id/001907e868d06e24.json', place_type='admin', name='Dubai', full_name='Dubai, United Arab Emirates', country_code='AE', country='United Arab Emirates', contained_within=[], bounding_box=BoundingBox(_api=<tweepy.api.API object at 0x7ff0bd25bcd0>, type='Polygon', coordinates=[[[54.8939725, 24.6182526], [56.2083722, 24.6182526], [56.2083722, 25.3686719], [54.8939725, 25.3686719]]]), attributes={})"
34,Third shot may be needed to combat new coronavirus variants: Bill Gates from   WHY DON’T PEOPLE GET THAT THIS VIRUS WILL NEVER BE ERADICATED BUT CAN MAKE BIG MONEY FOR THE PEOPLE WHO PERPETUATE THE MYTH.....,1362337074460954632,2021-02-18 09:44:04,0,0,"Place(_api=<tweepy.api.API object at 0x7ff0bd25bcd0>, id='001907e868d06e24', url='https://api.twitter.com/1.1/geo/id/001907e868d06e24.json', place_type='admin', name='Dubai', full_name='Dubai, United Arab Emirates', country_code='AE', country='United Arab Emirates', contained_within=[], bounding_box=BoundingBox(_api=<tweepy.api.API object at 0x7ff0bd25bcd0>, type='Polygon', coordinates=[[[54.8939725, 24.6182526], [56.2083722, 24.6182526], [56.2083722, 25.3686719], [54.8939725, 25.3686719]]]), attributes={})"
35,His response to COVID and the treatment of staff was incredible. Great leadership. ,1362325429084954631,2021-02-18 08:57:47,5,0,"Place(_api=<tweepy.api.API object at 0x7ff0bd25bcd0>, id='00f24ae701a1207b', url='https://api.twitter.com/1.1/geo/id/00f24ae701a1207b.json', place_type='admin', name='Abu Dhabi', full_name='Abu Dhabi, United Arab Emirates', country_code='AE', country='United Arab Emirates', contained_within=[], bounding_box=BoundingBox(_api=<tweepy.api.API object at 0x7ff0bd25bcd0>, type='Polygon', coordinates=[[[51.2938738, 22.6261387], [56.0175464, 22.6261387], [56.0175464, 25.1639588], [51.2938738, 25.1639588]]]), attributes={})"
36,resting coffee face Best therapy after a covid test... @ Starbucks Dubai Airport ,1362305701096390656,2021-02-18 07:39:24,0,0,"Place(_api=<tweepy.api.API object at 0x7ff0bd25bcd0>, id='001907e868d06e24', url='https://api.twitter.com/1.1/geo/id/001907e868d06e24.json', place_type='admin', name='Dubai', full_name='Dubai, United Arab Emirates', country_code='AE', country='United Arab Emirates', contained_within=[], bounding_box=BoundingBox(_api=<tweepy.api.API object at 0x7ff0bd25bcd0>, type='Polygon', coordinates=[[[54.8939725, 24.6182526], [56.2083722, 24.6182526], [56.2083722, 25.3686719], [54.8939725, 25.3686719]]]), attributes={})"
37,Super News. Thanks to all Conservation efforts. And possibly to Covid also.,1362304717037187078,2021-02-18 07:35:29,1,0,"Place(_api=<tweepy.api.API object at 0x7ff0bd25bcd0>, id='0a64033428d78000', url='https://api.twitter.com/1.1/geo/id/0a64033428d78000.json', place_type='poi', name='Sadaf Iranian Sweets', full_name='Sadaf Iranian Sweets', country_code='AE', country='United Arab Emirates', contained_within=[], bounding_box=BoundingBox(_api=<tweepy.api.API object at 0x7ff0bd25bcd0>, type='Polygon', coordinates=[[[55.320801, 25.260986], [55.320801, 25.260986], [55.320801, 25.260986], [55.320801, 25.260986]]]), attributes={})"
38,"Bro mine was on the 14 not even a small candy mpo, I think the covid affect the pocket ",1362302576918683650,2021-02-18 07:26:59,1,0,"Place(_api=<tweepy.api.API object at 0x7ff0bd25bcd0>, id='001907e868d06e24', url='https://api.twitter.com/1.1/geo/id/001907e868d06e24.json', place_type='admin', name='Dubai', full_name='Dubai, United Arab Emirates', country_code='AE', country='United Arab Emirates', contained_within=[], bounding_box=BoundingBox(_api=<tweepy.api.API object at 0x7ff0bd25bcd0>, type='Polygon', coordinates=[[[54.8939725, 24.6182526], [56.2083722, 24.6182526], [56.2083722, 25.3686719], [54.8939725, 25.3686719]]]), attributes={})"
39,Planning to visit during SA winter. Hopefully the covid situation will be under control,1362300877445484551,2021-02-18 07:20:14,1,0,"Place(_api=<tweepy.api.API object at 0x7ff0bd25bcd0>, id='001907e868d06e24', url='https://api.twitter.com/1.1/geo/id/001907e868d06e24.json', place_type='admin', name='Dubai', full_name='Dubai, United Arab Emirates', country_code='AE', country='United Arab Emirates', contained_within=[], bounding_box=BoundingBox(_api=<tweepy.api.API object at 0x7ff0bd25bcd0>, type='Polygon', coordinates=[[[54.8939725, 24.6182526], [56.2083722, 24.6182526], [56.2083722, 25.3686719], [54.8939725, 25.3686719]]]), attributes={})"
40,"The highest restaurant 1484 By Puro on Jebel Jais will temporarily close in light of restrictions. It will open in another scenic location, ideal for social distancing. This was the view from the restaurant when we visited last year. ",1362300265710387201,2021-02-18 07:17:48,11,0,"Place(_api=<tweepy.api.API object at 0x7ff0bd25bcd0>, id='124359bf1a147000', url='https://api.twitter.com/1.1/geo/id/124359bf1a147000.json', place_type='poi', name='1484 By Puro', full_name='1484 By Puro', country_code='AE', country='United Arab Emirates', contained_within=[], bounding_box=BoundingBox(_api=<tweepy.api.API object at 0x7ff0bd25bcd0>, type='Polygon', coordinates=[[[56.140198, 25.947284], [56.140198, 25.947284], [56.140198, 25.947284], [56.140198, 25.947284]]]), attributes={})"
41,"Last year, during the Chinese New Year’s celebrations, they wrote your name in Chinese. It was too crowded so the calligrapher didn’t have time to write it  This year (thx to COVID ) no crowd was there so I managed to write what seems to be my name  ",1362260587909160964,2021-02-18 04:40:08,1,0,"Place(_api=<tweepy.api.API object at 0x7ff0bd25bcd0>, id='00f24ae701a1207b', url='https://api.twitter.com/1.1/geo/id/00f24ae701a1207b.json', place_type='admin', name='Abu Dhabi', full_name='Abu Dhabi, United Arab Emirates', country_code='AE', country='United Arab Emirates', contained_within=[], bounding_box=BoundingBox(_api=<tweepy.api.API object at 0x7ff0bd25bcd0>, type='Polygon', coordinates=[[[51.2938738, 22.6261387], [56.0175464, 22.6261387], [56.0175464, 25.1639588], [51.2938738, 25.1639588]]]), attributes={})"
42,Hope to see video calling opened up for all to facilitate life changes ,1362259814148169729,2021-02-18 04:37:03,0,0,"Place(_api=<tweepy.api.API object at 0x7ff0bd25bcd0>, id='001907e868d06e24', url='https://api.twitter.com/1.1/geo/id/001907e868d06e24.json', place_type='admin', name='Dubai', full_name='Dubai, United Arab Emirates', country_code='AE', country='United Arab Emirates', contained_within=[], bounding_box=BoundingBox(_api=<tweepy.api.API object at 0x7ff0bd25bcd0>, type='Polygon', coordinates=[[[54.8939725, 24.6182526], [56.2083722, 24.6182526], [56.2083722, 25.3686719], [54.8939725, 25.3686719]]]), attributes={})"
43,The fact that there’s a website for the SBA loan/COVID Relief funds has me dead  all u gotta do is type in someone name and it tells u how much they got ,1362240140979154947,2021-02-18 03:18:53,8,8,"Place(_api=<tweepy.api.API object at 0x7ff0bd25bcd0>, id='001907e868d06e24', url='https://api.twitter.com/1.1/geo/id/001907e868d06e24.json', place_type='admin', name='Dubai', full_name='Dubai, United Arab Emirates', country_code='AE', country='United Arab Emirates', contained_within=[], bounding_box=BoundingBox(_api=<tweepy.api.API object at 0x7ff0bd25bcd0>, type='Polygon', coordinates=[[[54.8939725, 24.6182526], [56.2083722, 24.6182526], [56.2083722, 25.3686719], [54.8939725, 25.3686719]]]), attributes={})"
44,By arresting them the Police personnel risk getting infected. Remand population increases and exposes the inmates to Covid. Does the Police visit 5 star hotels to check for mask wearing,1362226652969893897,2021-02-18 02:25:17,1,0,"Place(_api=<tweepy.api.API object at 0x7ff0bd25bcd0>, id='001907e868d06e24', url='https://api.twitter.com/1.1/geo/id/001907e868d06e24.json', place_type='admin', name='Dubai', full_name='Dubai, United Arab Emirates', country_code='AE', country='United Arab Emirates', contained_within=[], bounding_box=BoundingBox(_api=<tweepy.api.API object at 0x7ff0bd25bcd0>, type='Polygon', coordinates=[[[54.8939725, 24.6182526], [56.2083722, 24.6182526], [56.2083722, 25.3686719], [54.8939725, 25.3686719]]]), attributes={})"
45,Covid test came back negative ay we headed home,1362198765847904258,2021-02-18 00:34:28,0,0,"Place(_api=<tweepy.api.API object at 0x7ff0bd25bcd0>, id='001907e868d06e24', url='https://api.twitter.com/1.1/geo/id/001907e868d06e24.json', place_type='admin', name='Dubai', full_name='Dubai, United Arab Emirates', country_code='AE', country='United Arab Emirates', contained_within=[], bounding_box=BoundingBox(_api=<tweepy.api.API object at 0x7ff0bd25bcd0>, type='Polygon', coordinates=[[[54.8939725, 24.6182526], [56.2083722, 24.6182526], [56.2083722, 25.3686719], [54.8939725, 25.3686719]]]), attributes={})"
46,The fact that they had to emphasize it twice isn't what's worrying. It's the fact that there are NEEDLES IN THE AIRPO TO BEGIN WITH What the fuck are the needles being use for Heroin Covid TELL ME ,1362185738725560323,2021-02-17 23:42:42,1,0,"Place(_api=<tweepy.api.API object at 0x7ff0bd25bcd0>, id='0fc2e93c24d5e000', url='https://api.twitter.com/1.1/geo/id/0fc2e93c24d5e000.json', place_type='poi', name='Dubai International Airport (DXB)', full_name='Dubai International Airport (DXB)', country_code='AE', country='United Arab Emirates', contained_within=[], bounding_box=BoundingBox(_api=<tweepy.api.API object at 0x7ff0bd25bcd0>, type='Polygon', coordinates=[[[55.358106, 25.252716], [55.358106, 25.252716], [55.358106, 25.252716], [55.358106, 25.252716]]]), attributes={})"
47,Should I chant ‘Go corona go’ on the way there Lol. ,1362115836740304899,2021-02-17 19:04:57,0,0,"Place(_api=<tweepy.api.API object at 0x7ff0bd25bcd0>, id='001907e868d06e24', url='https://api.twitter.com/1.1/geo/id/001907e868d06e24.json', place_type='admin', name='Dubai', full_name='Dubai, United Arab Emirates', country_code='AE', country='United Arab Emirates', contained_within=[], bounding_box=BoundingBox(_api=<tweepy.api.API object at 0x7ff0bd25bcd0>, type='Polygon', coordinates=[[[54.8939725, 24.6182526], [56.2083722, 24.6182526], [56.2083722, 25.3686719], [54.8939725, 25.3686719]]]), attributes={})"
48,I received the Sinopharm vaccine here in Dubai ,1362051741504659460,2021-02-17 14:50:15,0,0,"Place(_api=<tweepy.api.API object at 0x7ff0bd25bcd0>, id='001907e868d06e24', url='https://api.twitter.com/1.1/geo/id/001907e868d06e24.json', place_type='admin', name='Dubai', full_name='Dubai, United Arab Emirates', country_code='AE', country='United Arab Emirates', contained_within=[], bounding_box=BoundingBox(_api=<tweepy.api.API object at 0x7ff0bd25bcd0>, type='Polygon', coordinates=[[[54.8939725, 24.6182526], [56.2083722, 24.6182526], [56.2083722, 25.3686719], [54.8939725, 25.3686719]]]), attributes={})"
49,"Made the TN Proud on handling difficult situations and came as emerging Party leader , Great Work to Agriculture improvements , making new look to rivers and ponds across TN . Handled the situation of Covid and very vary down to earth CM , which TN was experiencing Vallaka Tamil",1362041097288118272,2021-02-17 14:07:57,1,0,"Place(_api=<tweepy.api.API object at 0x7ff0bd25bcd0>, id='00ecb59b0dad186e', url='https://api.twitter.com/1.1/geo/id/00ecb59b0dad186e.json', place_type='admin', name='Sharjah', full_name='Sharjah, United Arab Emirates', country_code='AE', country='United Arab Emirates', contained_within=[], bounding_box=BoundingBox(_api=<tweepy.api.API object at 0x7ff0bd25bcd0>, type='Polygon', coordinates=[[[55.0091271, 24.7328863], [56.3816989, 24.7328863], [56.3816989, 25.8997649], [55.0091271, 25.8997649]]]), attributes={})"
50,"Why did I cry Must be this damned COVID, got my crying over the littlest things ",1361986956914262017,2021-02-17 10:32:49,3,0,"Place(_api=<tweepy.api.API object at 0x7ff0bd25bcd0>, id='001907e868d06e24', url='https://api.twitter.com/1.1/geo/id/001907e868d06e24.json', place_type='admin', name='Dubai', full_name='Dubai, United Arab Emirates', country_code='AE', country='United Arab Emirates', contained_within=[], bounding_box=BoundingBox(_api=<tweepy.api.API object at 0x7ff0bd25bcd0>, type='Polygon', coordinates=[[[54.8939725, 24.6182526], [56.2083722, 24.6182526], [56.2083722, 25.3686719], [54.8939725, 25.3686719]]]), attributes={})"
51,"I should've been here with my love if not for Covid.  Himachal, India ",1361972993321271296,2021-02-17 09:37:20,0,0,"Place(_api=<tweepy.api.API object at 0x7ff0bd25bcd0>, id='001907e868d06e24', url='https://api.twitter.com/1.1/geo/id/001907e868d06e24.json', place_type='admin', name='Dubai', full_name='Dubai, United Arab Emirates', country_code='AE', country='United Arab Emirates', contained_within=[], bounding_box=BoundingBox(_api=<tweepy.api.API object at 0x7ff0bd25bcd0>, type='Polygon', coordinates=[[[54.8939725, 24.6182526], [56.2083722, 24.6182526], [56.2083722, 25.3686719], [54.8939725, 25.3686719]]]), attributes={})"
52,Requirement for all passengers arriving in Dubai All passengers arriving into Dubai from any point of origin (GCC countries included) must hold a negative COVID‑19 PCR test certificate for a test taken no more than 72 hours before departure. ,1361942436537389056,2021-02-17 07:35:55,1,0,"Place(_api=<tweepy.api.API object at 0x7ff0bd25bcd0>, id='001907e868d06e24', url='https://api.twitter.com/1.1/geo/id/001907e868d06e24.json', place_type='admin', name='Dubai', full_name='Dubai, United Arab Emirates', country_code='AE', country='United Arab Emirates', contained_within=[], bounding_box=BoundingBox(_api=<tweepy.api.API object at 0x7ff0bd25bcd0>, type='Polygon', coordinates=[[[54.8939725, 24.6182526], [56.2083722, 24.6182526], [56.2083722, 25.3686719], [54.8939725, 25.3686719]]]), attributes={})"
53,Stay home because of covid and freeze ,1361940425498583040,2021-02-17 07:27:55,0,0,"Place(_api=<tweepy.api.API object at 0x7ff0bd25bcd0>, id='001907e868d06e24', url='https://api.twitter.com/1.1/geo/id/001907e868d06e24.json', place_type='admin', name='Dubai', full_name='Dubai, United Arab Emirates', country_code='AE', country='United Arab Emirates', contained_within=[], bounding_box=BoundingBox(_api=<tweepy.api.API object at 0x7ff0bd25bcd0>, type='Polygon', coordinates=[[[54.8939725, 24.6182526], [56.2083722, 24.6182526], [56.2083722, 25.3686719], [54.8939725, 25.3686719]]]), attributes={})"
54,"I shared an elevator today with someone carrying luggage. I had to point out that in the times of corona, he was a rare sight. ",1361916139148779520,2021-02-17 05:51:25,0,0,"Place(_api=<tweepy.api.API object at 0x7ff0bd25bcd0>, id='001907e868d06e24', url='https://api.twitter.com/1.1/geo/id/001907e868d06e24.json', place_type='admin', name='Dubai', full_name='Dubai, United Arab Emirates', country_code='AE', country='United Arab Emirates', contained_within=[], bounding_box=BoundingBox(_api=<tweepy.api.API object at 0x7ff0bd25bcd0>, type='Polygon', coordinates=[[[54.8939725, 24.6182526], [56.2083722, 24.6182526], [56.2083722, 25.3686719], [54.8939725, 25.3686719]]]), attributes={})"
55,"GOI can now ignore COVID as Indians have covered themselves under herd immunity, pls see Sero Survey report indicating 29 Cr Indians have self immunity. Now the number of immunity people must have gone up. Loss to vaccine manufacturers",1361905628709552131,2021-02-17 05:09:39,0,0,"Place(_api=<tweepy.api.API object at 0x7ff0bd25bcd0>, id='001907e868d06e24', url='https://api.twitter.com/1.1/geo/id/001907e868d06e24.json', place_type='admin', name='Dubai', full_name='Dubai, United Arab Emirates', country_code='AE', country='United Arab Emirates', contained_within=[], bounding_box=BoundingBox(_api=<tweepy.api.API object at 0x7ff0bd25bcd0>, type='Polygon', coordinates=[[[54.8939725, 24.6182526], [56.2083722, 24.6182526], [56.2083722, 25.3686719], [54.8939725, 25.3686719]]]), attributes={})"
56,2nd dose of covid vaccine later ,1361890889128439811,2021-02-17 04:11:05,7,0,"Place(_api=<tweepy.api.API object at 0x7ff0bd25bcd0>, id='001907e868d06e24', url='https://api.twitter.com/1.1/geo/id/001907e868d06e24.json', place_type='admin', name='Dubai', full_name='Dubai, United Arab Emirates', country_code='AE', country='United Arab Emirates', contained_within=[], bounding_box=BoundingBox(_api=<tweepy.api.API object at 0x7ff0bd25bcd0>, type='Polygon', coordinates=[[[54.8939725, 24.6182526], [56.2083722, 24.6182526], [56.2083722, 25.3686719], [54.8939725, 25.3686719]]]), attributes={})"
57,new treatment of corona ,1361860568773251081,2021-02-17 02:10:36,1,0,"Place(_api=<tweepy.api.API object at 0x7ff0bd25bcd0>, id='001907e868d06e24', url='https://api.twitter.com/1.1/geo/id/001907e868d06e24.json', place_type='admin', name='Dubai', full_name='Dubai, United Arab Emirates', country_code='AE', country='United Arab Emirates', contained_within=[], bounding_box=BoundingBox(_api=<tweepy.api.API object at 0x7ff0bd25bcd0>, type='Polygon', coordinates=[[[54.8939725, 24.6182526], [56.2083722, 24.6182526], [56.2083722, 25.3686719], [54.8939725, 25.3686719]]]), attributes={})"
58,You just have to get used to doing covid test if you want to be traveling and it’s so discomforting. Can’t wait for covid era to be over.,1361805048867655683,2021-02-16 22:29:59,2,1,"Place(_api=<tweepy.api.API object at 0x7ff0bd25bcd0>, id='00ecb59b0dad186e', url='https://api.twitter.com/1.1/geo/id/00ecb59b0dad186e.json', place_type='admin', name='Sharjah', full_name='Sharjah, United Arab Emirates', country_code='AE', country='United Arab Emirates', contained_within=[], bounding_box=BoundingBox(_api=<tweepy.api.API object at 0x7ff0bd25bcd0>, type='Polygon', coordinates=[[[55.0091271, 24.7328863], [56.3816989, 24.7328863], [56.3816989, 25.8997649], [55.0091271, 25.8997649]]]), attributes={})"
59,Please advise me I am coming to pune on 25th feb from dubai. I want to know is it institute qurantine or home qurantine. I will be carrying negerive pcr test and completed 2 dose of covid vaccine as well.,1361766233536946186,2021-02-16 19:55:45,0,0,"Place(_api=<tweepy.api.API object at 0x7ff0bd25bcd0>, id='001907e868d06e24', url='https://api.twitter.com/1.1/geo/id/001907e868d06e24.json', place_type='admin', name='Dubai', full_name='Dubai, United Arab Emirates', country_code='AE', country='United Arab Emirates', contained_within=[], bounding_box=BoundingBox(_api=<tweepy.api.API object at 0x7ff0bd25bcd0>, type='Polygon', coordinates=[[[54.8939725, 24.6182526], [56.2083722, 24.6182526], [56.2083722, 25.3686719], [54.8939725, 25.3686719]]]), attributes={})"
60,UAE Covid vaccine: Over 40% residents get jab ,1361754912812589058,2021-02-16 19:10:46,0,0,"Place(_api=<tweepy.api.API object at 0x7ff0bd25bcd0>, id='001907e868d06e24', url='https://api.twitter.com/1.1/geo/id/001907e868d06e24.json', place_type='admin', name='Dubai', full_name='Dubai, United Arab Emirates', country_code='AE', country='United Arab Emirates', contained_within=[], bounding_box=BoundingBox(_api=<tweepy.api.API object at 0x7ff0bd25bcd0>, type='Polygon', coordinates=[[[54.8939725, 24.6182526], [56.2083722, 24.6182526], [56.2083722, 25.3686719], [54.8939725, 25.3686719]]]), attributes={})"
61,Dubai gets fresh supplies of Pfizer Covid vaccine ,1361754422964088833,2021-02-16 19:08:49,0,2,"Place(_api=<tweepy.api.API object at 0x7ff0bd25bcd0>, id='001907e868d06e24', url='https://api.twitter.com/1.1/geo/id/001907e868d06e24.json', place_type='admin', name='Dubai', full_name='Dubai, United Arab Emirates', country_code='AE', country='United Arab Emirates', contained_within=[], bounding_box=BoundingBox(_api=<tweepy.api.API object at 0x7ff0bd25bcd0>, type='Polygon', coordinates=[[[54.8939725, 24.6182526], [56.2083722, 24.6182526], [56.2083722, 25.3686719], [54.8939725, 25.3686719]]]), attributes={})"
62,Most likely Bitcoin is also related to corona . Highly possible,1361720719181295618,2021-02-16 16:54:53,0,0,"Place(_api=<tweepy.api.API object at 0x7ff0bd25bcd0>, id='001907e868d06e24', url='https://api.twitter.com/1.1/geo/id/001907e868d06e24.json', place_type='admin', name='Dubai', full_name='Dubai, United Arab Emirates', country_code='AE', country='United Arab Emirates', contained_within=[], bounding_box=BoundingBox(_api=<tweepy.api.API object at 0x7ff0bd25bcd0>, type='Polygon', coordinates=[[[54.8939725, 24.6182526], [56.2083722, 24.6182526], [56.2083722, 25.3686719], [54.8939725, 25.3686719]]]), attributes={})"
63,Do you guys remember life before corona,1361677707931774977,2021-02-16 14:03:58,1,0,"Place(_api=<tweepy.api.API object at 0x7ff0bd25bcd0>, id='00ecb59b0dad186e', url='https://api.twitter.com/1.1/geo/id/00ecb59b0dad186e.json', place_type='admin', name='Sharjah', full_name='Sharjah, United Arab Emirates', country_code='AE', country='United Arab Emirates', contained_within=[], bounding_box=BoundingBox(_api=<tweepy.api.API object at 0x7ff0bd25bcd0>, type='Polygon', coordinates=[[[55.0091271, 24.7328863], [56.3816989, 24.7328863], [56.3816989, 25.8997649], [55.0091271, 25.8997649]]]), attributes={})"
64,Corona please go ,1361656413739753473,2021-02-16 12:39:22,0,0,"Place(_api=<tweepy.api.API object at 0x7ff0bd25bcd0>, id='001907e868d06e24', url='https://api.twitter.com/1.1/geo/id/001907e868d06e24.json', place_type='admin', name='Dubai', full_name='Dubai, United Arab Emirates', country_code='AE', country='United Arab Emirates', contained_within=[], bounding_box=BoundingBox(_api=<tweepy.api.API object at 0x7ff0bd25bcd0>, type='Polygon', coordinates=[[[54.8939725, 24.6182526], [56.2083722, 24.6182526], [56.2083722, 25.3686719], [54.8939725, 25.3686719]]]), attributes={})"
65,Hi people who live in the UAE please fill out this questionnaire about your consumer habits before the coronavirus outbreak ,1361631908988346368,2021-02-16 11:01:59,0,6,"Place(_api=<tweepy.api.API object at 0x7ff0bd25bcd0>, id='00ecb59b0dad186e', url='https://api.twitter.com/1.1/geo/id/00ecb59b0dad186e.json', place_type='admin', name='Sharjah', full_name='Sharjah, United Arab Emirates', country_code='AE', country='United Arab Emirates', contained_within=[], bounding_box=BoundingBox(_api=<tweepy.api.API object at 0x7ff0bd25bcd0>, type='Polygon', coordinates=[[[55.0091271, 24.7328863], [56.3816989, 24.7328863], [56.3816989, 25.8997649], [55.0091271, 25.8997649]]]), attributes={})"
66,call 800467 for covid swab done at home. @ Al Garhoud Private Hospital ,1361603600712142851,2021-02-16 09:09:30,0,0,"Place(_api=<tweepy.api.API object at 0x7ff0bd25bcd0>, id='001907e868d06e24', url='https://api.twitter.com/1.1/geo/id/001907e868d06e24.json', place_type='admin', name='Dubai', full_name='Dubai, United Arab Emirates', country_code='AE', country='United Arab Emirates', contained_within=[], bounding_box=BoundingBox(_api=<tweepy.api.API object at 0x7ff0bd25bcd0>, type='Polygon', coordinates=[[[54.8939725, 24.6182526], [56.2083722, 24.6182526], [56.2083722, 25.3686719], [54.8939725, 25.3686719]]]), attributes={})"
67,"2nd dose of COVID-19 administered, thanks for organising",1361542686994558978,2021-02-16 05:07:27,2,0,"Place(_api=<tweepy.api.API object at 0x7ff0bd25bcd0>, id='001907e868d06e24', url='https://api.twitter.com/1.1/geo/id/001907e868d06e24.json', place_type='admin', name='Dubai', full_name='Dubai, United Arab Emirates', country_code='AE', country='United Arab Emirates', contained_within=[], bounding_box=BoundingBox(_api=<tweepy.api.API object at 0x7ff0bd25bcd0>, type='Polygon', coordinates=[[[54.8939725, 24.6182526], [56.2083722, 24.6182526], [56.2083722, 25.3686719], [54.8939725, 25.3686719]]]), attributes={})"
68,“countries with 0 cases of covid and life going on as normal”. This statement to me means open borders and people going to work. “Life going on as normal” is January 2020. Let me know where this is happening my guy,1361525426967969798,2021-02-16 03:58:52,0,0,"Place(_api=<tweepy.api.API object at 0x7ff0bd25bcd0>, id='001907e868d06e24', url='https://api.twitter.com/1.1/geo/id/001907e868d06e24.json', place_type='admin', name='Dubai', full_name='Dubai, United Arab Emirates', country_code='AE', country='United Arab Emirates', contained_within=[], bounding_box=BoundingBox(_api=<tweepy.api.API object at 0x7ff0bd25bcd0>, type='Polygon', coordinates=[[[54.8939725, 24.6182526], [56.2083722, 24.6182526], [56.2083722, 25.3686719], [54.8939725, 25.3686719]]]), attributes={})"
69,Can any measures be put in place for people not adhering to the rule of “Max 4 people” in an elevator on all metro stations No one seems to be following them given the current COVID situation. Thank you A Team. ,1361427581044740097,2021-02-15 21:30:04,0,0,"Place(_api=<tweepy.api.API object at 0x7ff0bd25bcd0>, id='001907e868d06e24', url='https://api.twitter.com/1.1/geo/id/001907e868d06e24.json', place_type='admin', name='Dubai', full_name='Dubai, United Arab Emirates', country_code='AE', country='United Arab Emirates', contained_within=[], bounding_box=BoundingBox(_api=<tweepy.api.API object at 0x7ff0bd25bcd0>, type='Polygon', coordinates=[[[54.8939725, 24.6182526], [56.2083722, 24.6182526], [56.2083722, 25.3686719], [54.8939725, 25.3686719]]]), attributes={})"
70,"I'm discussing “ UAE digital acceleration in the COVID-19 era” with Shayan Rahimi, and MENA-MAJLIS. Today, 16 Feb at 7:30 pm GMT 4 on Join us ",1361421670758576129,2021-02-15 21:06:34,3,1,"Place(_api=<tweepy.api.API object at 0x7ff0bd25bcd0>, id='001907e868d06e24', url='https://api.twitter.com/1.1/geo/id/001907e868d06e24.json', place_type='admin', name='Dubai', full_name='Dubai, United Arab Emirates', country_code='AE', country='United Arab Emirates', contained_within=[], bounding_box=BoundingBox(_api=<tweepy.api.API object at 0x7ff0bd25bcd0>, type='Polygon', coordinates=[[[54.8939725, 24.6182526], [56.2083722, 24.6182526], [56.2083722, 25.3686719], [54.8939725, 25.3686719]]]), attributes={})"
71,I want the vaccine when they have one that prevents me from getting Covid. Diaz wat I want. Make it ,1361405894731390982,2021-02-15 20:03:53,1,0,"Place(_api=<tweepy.api.API object at 0x7ff0bd25bcd0>, id='001907e868d06e24', url='https://api.twitter.com/1.1/geo/id/001907e868d06e24.json', place_type='admin', name='Dubai', full_name='Dubai, United Arab Emirates', country_code='AE', country='United Arab Emirates', contained_within=[], bounding_box=BoundingBox(_api=<tweepy.api.API object at 0x7ff0bd25bcd0>, type='Polygon', coordinates=[[[54.8939725, 24.6182526], [56.2083722, 24.6182526], [56.2083722, 25.3686719], [54.8939725, 25.3686719]]]), attributes={})"
72,"Spirits flowing, Smokes blowing, Barista trying every single trick, Trust me corona is just a prick, this wasn't no home, probably Bukowski hated Rome, Protein being banana cream They made depression just a meme.",1361388163676184576,2021-02-15 18:53:26,1,0,"Place(_api=<tweepy.api.API object at 0x7ff0bd25bcd0>, id='00f24ae701a1207b', url='https://api.twitter.com/1.1/geo/id/00f24ae701a1207b.json', place_type='admin', name='Abu Dhabi', full_name='Abu Dhabi, United Arab Emirates', country_code='AE', country='United Arab Emirates', contained_within=[], bounding_box=BoundingBox(_api=<tweepy.api.API object at 0x7ff0bd25bcd0>, type='Polygon', coordinates=[[[51.2938738, 22.6261387], [56.0175464, 22.6261387], [56.0175464, 25.1639588], [51.2938738, 25.1639588]]]), attributes={})"
73,We're fully COVID vaccinated  Thank you to the UAE government. May this be the beginning of a free world. @ Al Ittihad Medical Center ,1361322067476512772,2021-02-15 14:30:47,0,0,"Place(_api=<tweepy.api.API object at 0x7ff0bd25bcd0>, id='001907e868d06e24', url='https://api.twitter.com/1.1/geo/id/001907e868d06e24.json', place_type='admin', name='Dubai', full_name='Dubai, United Arab Emirates', country_code='AE', country='United Arab Emirates', contained_within=[], bounding_box=BoundingBox(_api=<tweepy.api.API object at 0x7ff0bd25bcd0>, type='Polygon', coordinates=[[[54.8939725, 24.6182526], [56.2083722, 24.6182526], [56.2083722, 25.3686719], [54.8939725, 25.3686719]]]), attributes={})"
74,Hopefully the covid situation allows for travel Would be so good to be reunited with everyone in person.,1361314722235224071,2021-02-15 14:01:36,1,0,"Place(_api=<tweepy.api.API object at 0x7ff0bd25bcd0>, id='001907e868d06e24', url='https://api.twitter.com/1.1/geo/id/001907e868d06e24.json', place_type='admin', name='Dubai', full_name='Dubai, United Arab Emirates', country_code='AE', country='United Arab Emirates', contained_within=[], bounding_box=BoundingBox(_api=<tweepy.api.API object at 0x7ff0bd25bcd0>, type='Polygon', coordinates=[[[54.8939725, 24.6182526], [56.2083722, 24.6182526], [56.2083722, 25.3686719], [54.8939725, 25.3686719]]]), attributes={})"
75,"Covid 19 isn’t malaria and it’s not fever . The feeling is different , way different . It’s terrible",1361290946147737602,2021-02-15 12:27:07,0,1,"Place(_api=<tweepy.api.API object at 0x7ff0bd25bcd0>, id='001907e868d06e24', url='https://api.twitter.com/1.1/geo/id/001907e868d06e24.json', place_type='admin', name='Dubai', full_name='Dubai, United Arab Emirates', country_code='AE', country='United Arab Emirates', contained_within=[], bounding_box=BoundingBox(_api=<tweepy.api.API object at 0x7ff0bd25bcd0>, type='Polygon', coordinates=[[[54.8939725, 24.6182526], [56.2083722, 24.6182526], [56.2083722, 25.3686719], [54.8939725, 25.3686719]]]), attributes={})"
76,Quite low rates of Covid in Chennai They are vaccinating but have about a billion to go,1361248214519865344,2021-02-15 09:37:19,0,0,"Place(_api=<tweepy.api.API object at 0x7ff0bd25bcd0>, id='001907e868d06e24', url='https://api.twitter.com/1.1/geo/id/001907e868d06e24.json', place_type='admin', name='Dubai', full_name='Dubai, United Arab Emirates', country_code='AE', country='United Arab Emirates', contained_within=[], bounding_box=BoundingBox(_api=<tweepy.api.API object at 0x7ff0bd25bcd0>, type='Polygon', coordinates=[[[54.8939725, 24.6182526], [56.2083722, 24.6182526], [56.2083722, 25.3686719], [54.8939725, 25.3686719]]]), attributes={})"
77,"How you going to tell me, that your office closes at 4 PM due to Covid  Does that mean Covid only visits after 4 PM That’s just so stupid",1361196868840157185,2021-02-15 06:13:18,1,0,"Place(_api=<tweepy.api.API object at 0x7ff0bd25bcd0>, id='001907e868d06e24', url='https://api.twitter.com/1.1/geo/id/001907e868d06e24.json', place_type='admin', name='Dubai', full_name='Dubai, United Arab Emirates', country_code='AE', country='United Arab Emirates', contained_within=[], bounding_box=BoundingBox(_api=<tweepy.api.API object at 0x7ff0bd25bcd0>, type='Polygon', coordinates=[[[54.8939725, 24.6182526], [56.2083722, 24.6182526], [56.2083722, 25.3686719], [54.8939725, 25.3686719]]]), attributes={})"
78,2nd dose and bye corona  (@ Terminal 1 in Dubai)  ,1361194781364387841,2021-02-15 06:05:00,3,0,"Place(_api=<tweepy.api.API object at 0x7ff0bd25bcd0>, id='001907e868d06e24', url='https://api.twitter.com/1.1/geo/id/001907e868d06e24.json', place_type='admin', name='Dubai', full_name='Dubai, United Arab Emirates', country_code='AE', country='United Arab Emirates', contained_within=[], bounding_box=BoundingBox(_api=<tweepy.api.API object at 0x7ff0bd25bcd0>, type='Polygon', coordinates=[[[54.8939725, 24.6182526], [56.2083722, 24.6182526], [56.2083722, 25.3686719], [54.8939725, 25.3686719]]]), attributes={})"
79,rolls out Covid vaccination to high-risk groups  via,1361168794756997121,2021-02-15 04:21:44,8,3,"Place(_api=<tweepy.api.API object at 0x7ff0bd25bcd0>, id='00f24ae701a1207b', url='https://api.twitter.com/1.1/geo/id/00f24ae701a1207b.json', place_type='admin', name='Abu Dhabi', full_name='Abu Dhabi, United Arab Emirates', country_code='AE', country='United Arab Emirates', contained_within=[], bounding_box=BoundingBox(_api=<tweepy.api.API object at 0x7ff0bd25bcd0>, type='Polygon', coordinates=[[[51.2938738, 22.6261387], [56.0175464, 22.6261387], [56.0175464, 25.1639588], [51.2938738, 25.1639588]]]), attributes={})"
80,"Whole 2020 i defended Covid 19. But i surrendered in 2021. Tested Positive on 13.02.2021. Shit is real. Lost smell, lost taste feverish. And the cherry topping is sneezing and cough, which is the first symptom. Lucky there is no issues with breathing so far.",1361167386003591168,2021-02-15 04:16:08,0,0,"Place(_api=<tweepy.api.API object at 0x7ff0bd25bcd0>, id='001907e868d06e24', url='https://api.twitter.com/1.1/geo/id/001907e868d06e24.json', place_type='admin', name='Dubai', full_name='Dubai, United Arab Emirates', country_code='AE', country='United Arab Emirates', contained_within=[], bounding_box=BoundingBox(_api=<tweepy.api.API object at 0x7ff0bd25bcd0>, type='Polygon', coordinates=[[[54.8939725, 24.6182526], [56.2083722, 24.6182526], [56.2083722, 25.3686719], [54.8939725, 25.3686719]]]), attributes={})"
81,We can surely expect jump in daily Covid numbers in 5 days.,1361017208009338881,2021-02-14 18:19:23,0,0,"Place(_api=<tweepy.api.API object at 0x7ff0bd25bcd0>, id='001907e868d06e24', url='https://api.twitter.com/1.1/geo/id/001907e868d06e24.json', place_type='admin', name='Dubai', full_name='Dubai, United Arab Emirates', country_code='AE', country='United Arab Emirates', contained_within=[], bounding_box=BoundingBox(_api=<tweepy.api.API object at 0x7ff0bd25bcd0>, type='Polygon', coordinates=[[[54.8939725, 24.6182526], [56.2083722, 24.6182526], [56.2083722, 25.3686719], [54.8939725, 25.3686719]]]), attributes={})"
82,Main covid hon,1360995218951188483,2021-02-14 16:52:00,0,0,"Place(_api=<tweepy.api.API object at 0x7ff0bd25bcd0>, id='001907e868d06e24', url='https://api.twitter.com/1.1/geo/id/001907e868d06e24.json', place_type='admin', name='Dubai', full_name='Dubai, United Arab Emirates', country_code='AE', country='United Arab Emirates', contained_within=[], bounding_box=BoundingBox(_api=<tweepy.api.API object at 0x7ff0bd25bcd0>, type='Polygon', coordinates=[[[54.8939725, 24.6182526], [56.2083722, 24.6182526], [56.2083722, 25.3686719], [54.8939725, 25.3686719]]]), attributes={})"
83,Got my second dose of Covid vaccination today. Thank you UAE Shadow City kept me company while waiting in line ,1360953283217674241,2021-02-14 14:05:22,1,0,"Place(_api=<tweepy.api.API object at 0x7ff0bd25bcd0>, id='00f24ae701a1207b', url='https://api.twitter.com/1.1/geo/id/00f24ae701a1207b.json', place_type='admin', name='Abu Dhabi', full_name='Abu Dhabi, United Arab Emirates', country_code='AE', country='United Arab Emirates', contained_within=[], bounding_box=BoundingBox(_api=<tweepy.api.API object at 0x7ff0bd25bcd0>, type='Polygon', coordinates=[[[51.2938738, 22.6261387], [56.0175464, 22.6261387], [56.0175464, 25.1639588], [51.2938738, 25.1639588]]]), attributes={})"
84,2nd Vaccine shot was taken this morning Time to chill and enjoy being immune from COVID-19 ,1360943755197636608,2021-02-14 13:27:31,0,0,"Place(_api=<tweepy.api.API object at 0x7ff0bd25bcd0>, id='001907e868d06e24', url='https://api.twitter.com/1.1/geo/id/001907e868d06e24.json', place_type='admin', name='Dubai', full_name='Dubai, United Arab Emirates', country_code='AE', country='United Arab Emirates', contained_within=[], bounding_box=BoundingBox(_api=<tweepy.api.API object at 0x7ff0bd25bcd0>, type='Polygon', coordinates=[[[54.8939725, 24.6182526], [56.2083722, 24.6182526], [56.2083722, 25.3686719], [54.8939725, 25.3686719]]]), attributes={})"
85,Eugenics now  ,1360926895441932298,2021-02-14 12:20:31,1,1,"Place(_api=<tweepy.api.API object at 0x7ff0bd25bcd0>, id='01a4aba930967a19', url='https://api.twitter.com/1.1/geo/id/01a4aba930967a19.json', place_type='admin', name='Ajman', full_name='Ajman, United Arab Emirates', country_code='AE', country='United Arab Emirates', contained_within=[], bounding_box=BoundingBox(_api=<tweepy.api.API object at 0x7ff0bd25bcd0>, type='Polygon', coordinates=[[[55.4228459, 24.7422387], [56.1015028, 24.7422387], [56.1015028, 25.4513274], [55.4228459, 25.4513274]]]), attributes={})"
86,"The UAE has so far administered 5.005 million doses of COVID-19 vaccines, reporting a distribution rate of 50.61 doses per 100 people. Read more:  800 299 / 052 203 8946 ",1360877499815776260,2021-02-14 09:04:14,0,0,"Place(_api=<tweepy.api.API object at 0x7ff0bd25bcd0>, id='001907e868d06e24', url='https://api.twitter.com/1.1/geo/id/001907e868d06e24.json', place_type='admin', name='Dubai', full_name='Dubai, United Arab Emirates', country_code='AE', country='United Arab Emirates', contained_within=[], bounding_box=BoundingBox(_api=<tweepy.api.API object at 0x7ff0bd25bcd0>, type='Polygon', coordinates=[[[54.8939725, 24.6182526], [56.2083722, 24.6182526], [56.2083722, 25.3686719], [54.8939725, 25.3686719]]]), attributes={})"
87,hey im scared to tag the dufai govt who knows next thing i know ill be on flight getting deported also it looks like i might never get my second dose of vaccine cause fucking corona is better than being treated this way,1360870231619629057,2021-02-14 08:35:21,10,0,"Place(_api=<tweepy.api.API object at 0x7ff0bd25bcd0>, id='001907e868d06e24', url='https://api.twitter.com/1.1/geo/id/001907e868d06e24.json', place_type='admin', name='Dubai', full_name='Dubai, United Arab Emirates', country_code='AE', country='United Arab Emirates', contained_within=[], bounding_box=BoundingBox(_api=<tweepy.api.API object at 0x7ff0bd25bcd0>, type='Polygon', coordinates=[[[54.8939725, 24.6182526], [56.2083722, 24.6182526], [56.2083722, 25.3686719], [54.8939725, 25.3686719]]]), attributes={})"
88,"“The N95 mask blocks 95 per cent of the particles. So if a person is wearing an N95 mask, then there is no need for an additional one,” said Dr Alaa Zedan, specialist internal medicine, Burjeel Hospital for Advanced Surgery – Dubai. Read full article, ",1360856293473402885,2021-02-14 07:39:58,0,0,"Place(_api=<tweepy.api.API object at 0x7ff0bd25bcd0>, id='001907e868d06e24', url='https://api.twitter.com/1.1/geo/id/001907e868d06e24.json', place_type='admin', name='Dubai', full_name='Dubai, United Arab Emirates', country_code='AE', country='United Arab Emirates', contained_within=[], bounding_box=BoundingBox(_api=<tweepy.api.API object at 0x7ff0bd25bcd0>, type='Polygon', coordinates=[[[54.8939725, 24.6182526], [56.2083722, 24.6182526], [56.2083722, 25.3686719], [54.8939725, 25.3686719]]]), attributes={})"
89,"Dr. Saheer Sainalabdeen, specialist respiratory medicine, Medeor Hospital, Dubai, said the government’s efforts to crack down on violators will ensure the number of new cases remain under control. Read the full article, ",1360855085786529793,2021-02-14 07:35:10,1,1,"Place(_api=<tweepy.api.API object at 0x7ff0bd25bcd0>, id='001907e868d06e24', url='https://api.twitter.com/1.1/geo/id/001907e868d06e24.json', place_type='admin', name='Dubai', full_name='Dubai, United Arab Emirates', country_code='AE', country='United Arab Emirates', contained_within=[], bounding_box=BoundingBox(_api=<tweepy.api.API object at 0x7ff0bd25bcd0>, type='Polygon', coordinates=[[[54.8939725, 24.6182526], [56.2083722, 24.6182526], [56.2083722, 25.3686719], [54.8939725, 25.3686719]]]), attributes={})"
90,"Auckland will remain at alert level one, but government officials are meeting later today to discuss next steps The new cases come a day after the first death in 5 months of someone with Covid in NZ, although the fatality is not yet being officially treated as Covid-related",1360817112885964800,2021-02-14 05:04:17,4,1,"Place(_api=<tweepy.api.API object at 0x7ff0bd25bcd0>, id='001907e868d06e24', url='https://api.twitter.com/1.1/geo/id/001907e868d06e24.json', place_type='admin', name='Dubai', full_name='Dubai, United Arab Emirates', country_code='AE', country='United Arab Emirates', contained_within=[], bounding_box=BoundingBox(_api=<tweepy.api.API object at 0x7ff0bd25bcd0>, type='Polygon', coordinates=[[[54.8939725, 24.6182526], [56.2083722, 24.6182526], [56.2083722, 25.3686719], [54.8939725, 25.3686719]]]), attributes={})"
91,"[ANNOUNCEMENT]DUBAI EVENT ONLY Dear DXB ARMYs, Please note, due to the increasing COVID cases in DXB and new limitations on parties and entertainment celebrations in restaurants, we will postpone J-hope’s Birthday Event celebration to adhere to rules and to have everyone + ",1360666043631468548,2021-02-13 19:03:59,10,2,"Place(_api=<tweepy.api.API object at 0x7ff0bd25bcd0>, id='001907e868d06e24', url='https://api.twitter.com/1.1/geo/id/001907e868d06e24.json', place_type='admin', name='Dubai', full_name='Dubai, United Arab Emirates', country_code='AE', country='United Arab Emirates', contained_within=[], bounding_box=BoundingBox(_api=<tweepy.api.API object at 0x7ff0bd25bcd0>, type='Polygon', coordinates=[[[54.8939725, 24.6182526], [56.2083722, 24.6182526], [56.2083722, 25.3686719], [54.8939725, 25.3686719]]]), attributes={})"
92,"Celebration this year valentine's Day with cute , after the worst (Covid'19) here comes the best P.S. I luv yu  ",1360658631621025795,2021-02-13 18:34:32,0,0,"Place(_api=<tweepy.api.API object at 0x7ff0bd25bcd0>, id='00f24ae701a1207b', url='https://api.twitter.com/1.1/geo/id/00f24ae701a1207b.json', place_type='admin', name='Abu Dhabi', full_name='Abu Dhabi, United Arab Emirates', country_code='AE', country='United Arab Emirates', contained_within=[], bounding_box=BoundingBox(_api=<tweepy.api.API object at 0x7ff0bd25bcd0>, type='Polygon', coordinates=[[[51.2938738, 22.6261387], [56.0175464, 22.6261387], [56.0175464, 25.1639588], [51.2938738, 25.1639588]]]), attributes={})"
93,"hello, our 1st Jab of covid vaccine was postponed by SMS, so when can we expect next appointment Pls guide so that we can plan travel accordingly",1360642453544534019,2021-02-13 17:30:15,0,0,"Place(_api=<tweepy.api.API object at 0x7ff0bd25bcd0>, id='001907e868d06e24', url='https://api.twitter.com/1.1/geo/id/001907e868d06e24.json', place_type='admin', name='Dubai', full_name='Dubai, United Arab Emirates', country_code='AE', country='United Arab Emirates', contained_within=[], bounding_box=BoundingBox(_api=<tweepy.api.API object at 0x7ff0bd25bcd0>, type='Polygon', coordinates=[[[54.8939725, 24.6182526], [56.2083722, 24.6182526], [56.2083722, 25.3686719], [54.8939725, 25.3686719]]]), attributes={})"
94,"Dr Prasanna Kumar, a critical care specialist at Medeor Hospital in Dubai, said, “The major difference is we now have more cases overall,” said Dr Kumar, who treated dozens of patients in the first wave last year. Read full article, ",1360529670182174725,2021-02-13 10:02:05,0,0,"Place(_api=<tweepy.api.API object at 0x7ff0bd25bcd0>, id='001907e868d06e24', url='https://api.twitter.com/1.1/geo/id/001907e868d06e24.json', place_type='admin', name='Dubai', full_name='Dubai, United Arab Emirates', country_code='AE', country='United Arab Emirates', contained_within=[], bounding_box=BoundingBox(_api=<tweepy.api.API object at 0x7ff0bd25bcd0>, type='Polygon', coordinates=[[[54.8939725, 24.6182526], [56.2083722, 24.6182526], [56.2083722, 25.3686719], [54.8939725, 25.3686719]]]), attributes={})"
95,"Dr Nayzak Raoof, medical director, Burjeel Hospital for Advanced Surgery, Dubai, said that even as the UAE is on the cusp of a 5-million vaccine dose milestone, people must not let up the fight against the pandemic. Read full article, ",1360529296784261122,2021-02-13 10:00:36,0,0,"Place(_api=<tweepy.api.API object at 0x7ff0bd25bcd0>, id='001907e868d06e24', url='https://api.twitter.com/1.1/geo/id/001907e868d06e24.json', place_type='admin', name='Dubai', full_name='Dubai, United Arab Emirates', country_code='AE', country='United Arab Emirates', contained_within=[], bounding_box=BoundingBox(_api=<tweepy.api.API object at 0x7ff0bd25bcd0>, type='Polygon', coordinates=[[[54.8939725, 24.6182526], [56.2083722, 24.6182526], [56.2083722, 25.3686719], [54.8939725, 25.3686719]]]), attributes={})"
96,"Since the start of the COVID-19 outbreak, UNICEF has shipped almost half a billion items of personal protective equipment to protect frontline healthcare workers. Gloves, gowns, respirators and face shields have all helped health workers avoid infection  ",1360498479211118595,2021-02-13 07:58:08,1,4,"Place(_api=<tweepy.api.API object at 0x7ff0bd25bcd0>, id='001907e868d06e24', url='https://api.twitter.com/1.1/geo/id/001907e868d06e24.json', place_type='admin', name='Dubai', full_name='Dubai, United Arab Emirates', country_code='AE', country='United Arab Emirates', contained_within=[], bounding_box=BoundingBox(_api=<tweepy.api.API object at 0x7ff0bd25bcd0>, type='Polygon', coordinates=[[[54.8939725, 24.6182526], [56.2083722, 24.6182526], [56.2083722, 25.3686719], [54.8939725, 25.3686719]]]), attributes={})"
97,Available in Dubai Marina area . Regularly tested for Covid . What’s up me deposit requires amazon voucher PayPal +447477341812 dinner date and longer date availability ,1360483664904208384,2021-02-13 06:59:16,52,7,"Place(_api=<tweepy.api.API object at 0x7ff0bd25bcd0>, id='001907e868d06e24', url='https://api.twitter.com/1.1/geo/id/001907e868d06e24.json', place_type='admin', name='Dubai', full_name='Dubai, United Arab Emirates', country_code='AE', country='United Arab Emirates', contained_within=[], bounding_box=BoundingBox(_api=<tweepy.api.API object at 0x7ff0bd25bcd0>, type='Polygon', coordinates=[[[54.8939725, 24.6182526], [56.2083722, 24.6182526], [56.2083722, 25.3686719], [54.8939725, 25.3686719]]]), attributes={})"
98,"This clips put me into tears, as i've read ailee's post i suddenly miss my mom who just passed away last march 2020 and i didnt even get the chance to see her on her last moments bcz of covid. Be strong ailee ",1360483641764282368,2021-02-13 06:59:11,31,9,"Place(_api=<tweepy.api.API object at 0x7ff0bd25bcd0>, id='001907e868d06e24', url='https://api.twitter.com/1.1/geo/id/001907e868d06e24.json', place_type='admin', name='Dubai', full_name='Dubai, United Arab Emirates', country_code='AE', country='United Arab Emirates', contained_within=[], bounding_box=BoundingBox(_api=<tweepy.api.API object at 0x7ff0bd25bcd0>, type='Polygon', coordinates=[[[54.8939725, 24.6182526], [56.2083722, 24.6182526], [56.2083722, 25.3686719], [54.8939725, 25.3686719]]]), attributes={})"
99,Aaaaaaaah 3D animation show welcoming the year of the Ox. Lets pray that the brave Ox will finally destroy covid-19. ,1360446866123538434,2021-02-13 04:33:03,1,0,"Place(_api=<tweepy.api.API object at 0x7ff0bd25bcd0>, id='001907e868d06e24', url='https://api.twitter.com/1.1/geo/id/001907e868d06e24.json', place_type='admin', name='Dubai', full_name='Dubai, United Arab Emirates', country_code='AE', country='United Arab Emirates', contained_within=[], bounding_box=BoundingBox(_api=<tweepy.api.API object at 0x7ff0bd25bcd0>, type='Polygon', coordinates=[[[54.8939725, 24.6182526], [56.2083722, 24.6182526], [56.2083722, 25.3686719], [54.8939725, 25.3686719]]]), attributes={})"
100,"Covid-19: UAE doctors see spike in back pain, obesity among e-learners ",1360399220457496576,2021-02-13 01:23:43,0,0,"Place(_api=<tweepy.api.API object at 0x7ff0bd25bcd0>, id='001907e868d06e24', url='https://api.twitter.com/1.1/geo/id/001907e868d06e24.json', place_type='admin', name='Dubai', full_name='Dubai, United Arab Emirates', country_code='AE', country='United Arab Emirates', contained_within=[], bounding_box=BoundingBox(_api=<tweepy.api.API object at 0x7ff0bd25bcd0>, type='Polygon', coordinates=[[[54.8939725, 24.6182526], [56.2083722, 24.6182526], [56.2083722, 25.3686719], [54.8939725, 25.3686719]]]), attributes={})"
101,"Year 1 pupils saw biggest drop in learning due to Covid - with reading, writing and maths all affected ",1360398276747526144,2021-02-13 01:19:58,0,0,"Place(_api=<tweepy.api.API object at 0x7ff0bd25bcd0>, id='001907e868d06e24', url='https://api.twitter.com/1.1/geo/id/001907e868d06e24.json', place_type='admin', name='Dubai', full_name='Dubai, United Arab Emirates', country_code='AE', country='United Arab Emirates', contained_within=[], bounding_box=BoundingBox(_api=<tweepy.api.API object at 0x7ff0bd25bcd0>, type='Polygon', coordinates=[[[54.8939725, 24.6182526], [56.2083722, 24.6182526], [56.2083722, 25.3686719], [54.8939725, 25.3686719]]]), attributes={})"
102,nvm not even covid wants to be my valentine ,1360356331442630656,2021-02-12 22:33:18,3,0,"Place(_api=<tweepy.api.API object at 0x7ff0bd25bcd0>, id='00ecb59b0dad186e', url='https://api.twitter.com/1.1/geo/id/00ecb59b0dad186e.json', place_type='admin', name='Sharjah', full_name='Sharjah, United Arab Emirates', country_code='AE', country='United Arab Emirates', contained_within=[], bounding_box=BoundingBox(_api=<tweepy.api.API object at 0x7ff0bd25bcd0>, type='Polygon', coordinates=[[[55.0091271, 24.7328863], [56.3816989, 24.7328863], [56.3816989, 25.8997649], [55.0091271, 25.8997649]]]), attributes={})"
103,Public taxis in Abu Dhabi can now accept only one passenger as authorities intensify efforts to curb Careem and Uber can take up to two passengers.,1360320760594780171,2021-02-12 20:11:57,2,1,"Place(_api=<tweepy.api.API object at 0x7ff0bd25bcd0>, id='00f24ae701a1207b', url='https://api.twitter.com/1.1/geo/id/00f24ae701a1207b.json', place_type='admin', name='Abu Dhabi', full_name='Abu Dhabi, United Arab Emirates', country_code='AE', country='United Arab Emirates', contained_within=[], bounding_box=BoundingBox(_api=<tweepy.api.API object at 0x7ff0bd25bcd0>, type='Polygon', coordinates=[[[51.2938738, 22.6261387], [56.0175464, 22.6261387], [56.0175464, 25.1639588], [51.2938738, 25.1639588]]]), attributes={})"
104,"Protect his rights, he was respecting covid guidelines ",1360317128973422599,2021-02-12 19:57:31,0,0,"Place(_api=<tweepy.api.API object at 0x7ff0bd25bcd0>, id='001907e868d06e24', url='https://api.twitter.com/1.1/geo/id/001907e868d06e24.json', place_type='admin', name='Dubai', full_name='Dubai, United Arab Emirates', country_code='AE', country='United Arab Emirates', contained_within=[], bounding_box=BoundingBox(_api=<tweepy.api.API object at 0x7ff0bd25bcd0>, type='Polygon', coordinates=[[[54.8939725, 24.6182526], [56.2083722, 24.6182526], [56.2083722, 25.3686719], [54.8939725, 25.3686719]]]), attributes={})"
